quarter,bridge_flash1,bridge_flash1_se,bridge_flash2,bridge_flash2_se,bridge_flash3,bridge_flash3_se,adl_benchmark,ar_benchmark
2026Q1,3.9479099649126708,2.2678381672774144,3.357070594736192,2.2652451946599363,3.863037687297009,2.264890813857694,2.3177020318970625,2.879041113592884
2026Q2,2.912218378069489,2.264342441867947,,,,,2.8383014857394726,2.8257397394577883
