quarter,bridge_flash1,bridge_flash1_se,bridge_flash2,bridge_flash2_se,bridge_flash3,bridge_flash3_se,adl_benchmark,ar_benchmark
2026Q1,3.94790996491259,2.2678381672774157,3.3570705947361223,2.265245194659937,3.8630376872969405,2.2648908138576935,2.3177020318970207,2.879041113592883
2026Q2,2.9122183780694404,2.264342441867947,,,,,2.83830148573945,2.825739739457788
