quarter,bridge_flash1,bridge_flash2,bridge_flash3,adl_benchmark,ar_benchmark
2026Q1,0.009897897243720293,0.008349509637918907,0.008349509637918907,0.005794255079742593,0.007138172776155608
2026Q2,0.007430212998219824,,,0.00755339518890976,0.007353185994722247
