quarter,bridge_flash1,bridge_flash2,bridge_flash3,adl_benchmark,ar_benchmark
2026Q1,0.012365965683728185,0.007983900528111751,0.009187025516297211,0.005794255079742355,0.007138172776155609
2026Q2,,,,,0.007353185994722249
