quarter,bridge_flash1,bridge_flash2,bridge_flash3,adl_benchmark,ar_benchmark
2026Q1,0.012431408010555454,0.007934809346882173,0.007934809346882173,0.005794255079742593,0.007138172776155608
2026Q2,,,,,0.007353185994722247
