quarter,bridge_flash1,bridge_flash1_se,bridge_flash2,bridge_flash2_se,bridge_flash3,bridge_flash3_se,adl_benchmark,ar_benchmark
2026Q1,0.012365965683728174,0.0057073623242011404,0.007983900528111746,0.0056722612200739795,0.009187025516297204,0.005671172917142677,0.005794255079742447,0.007138172776155607
2026Q2,,,,,,,,0.007353185994722246
