quarter,bridge_flash1,bridge_flash1_se,bridge_flash2,bridge_flash2_se,bridge_flash3,bridge_flash3_se,adl_benchmark,ar_benchmark
2026Q1,3.9479099649127036,2.267838167277414,3.3570705947362143,2.265245194659936,3.863037687297009,2.2648908138576935,2.3177020318970563,2.879041113592885
2026Q2,2.912218378069484,2.2643424418679468,,,,,2.838301485739457,2.8257397394577897
